Euclid_ID,DES_ID,DDLR,HOST_DDLR,right_ascension,declination,HOST_RA,HOST_DEC,SN_RA,SN_DEC
-532257415282400330,1262232,0.9240226118496933,0.794,53.22574151940563,-28.24003306512169,53.225716,-28.239973,53.225521,-28.239893
-536374712295111723,1366436,1.3688054906276956,0.561,53.637471233151466,-29.511172333887323,53.637478,-29.511131,53.637379,-29.51112
-536741865295643421,1254000,0.6488500728996659,0.901,53.67418652877325,-29.564342180201297,53.674152,-29.564306,53.674316,-29.56455
-534715691293795974,1291842,1.4860429241036452,1.196,53.47156914968304,-29.37959741989433,53.471504,-29.37956,53.471634,-29.379313
-529462058278475857,1250803,0.2935711958810093,0.801,52.9462058245165,-27.84758576857426,52.946404,-27.84753,52.946167,-27.847559
-537408566286269137,1297318,0.7335509476874409,0.571,53.74085660542003,-28.626913733774604,53.740826,-28.626862,53.74073,-28.626982
-527121879282135682,1560099,0.8807295156351128,0.895,52.71218795088311,-28.213568214183887,52.712143,-28.213511,52.712437,-28.213356
-532210123280315272,1652139,0.2783063862133498,0.557,53.221012336188906,-28.03152722888945,53.220966,-28.031462,53.220951,-28.031702
-527318625281252594,1339227,6.4306565438050844,2.561,52.73186259748108,-28.125259408667564,52.731831,-28.125206,52.73233,-28.125382
-519790213285648287,1343759,2.2512693042863483,1.618,51.97902139941475,-28.56482878881283,51.978951,-28.5648,51.978981,-28.564434
-518980633286736875,1904300,0.6719969260416498,0.588,51.89806339814378,-28.67368755884096,51.898125,-28.67359,51.897926,-28.673559
-534952844268722178,1305756,1.3358000362969225,1.487,53.49528444204567,-26.872217854678624,53.495224,-26.872267,53.49535,-26.872685
-540305077278236258,1862183,0.97356242380777,0.862,54.03050770003062,-27.82362581337548,54.030453,-27.823572,54.030205,-27.823437
-535541928270404961,1290812,0.9274524098650389,0.298,53.55419289433752,-27.04049614822433,53.55426,-27.040602,53.554241,-27.040655
-536920579270771064,1295249,0.2036708914131805,0.361,53.69205796399211,-27.077106405237373,53.692036,-27.077091,53.692104,-27.077173
-520504460285648472,1337541,0.8206236456245709,1.147,52.05044600029187,-28.56484729273915,52.050224,-28.56477,52.050034,-28.56514
-540443993280009492,1309376,2.405889618084452,0.787,54.0443993287007,-28.00094928419091,54.044285,-28.000912,54.044079,-28.000813
-528671733289372651,1253180,0.6217908438120575,1.902,52.86717338784922,-28.937265153726933,52.867115,-28.937235,52.867516,-28.937798
-527400045277819723,1912270,0.7916966916668068,1.093,52.74000454595868,-27.781972365292283,52.739964,-27.781902,52.740223,-27.782036
-539415185296645179,1896254,2.517475488484673,0.423,53.94151858855399,-29.66451794623602,53.94146,-29.664469,53.941498,-29.664419
-530172230280682046,1316487,0.9544118077427668,0.811,53.01722300925,-28.06820467098753,53.017178,-28.068138,53.016926,-28.068274
-535529169288973223,1299712,0.9412780240583334,0.678,53.55291694913384,-28.89732239771285,53.552898,-28.897259,53.5527,-28.897236
-532663303282434705,1250858,0.5893722845245959,0.264,53.266330327560965,-28.243470513567274,53.266315,-28.243429,53.266316,-28.243347
-528756546282418289,1909375,1.1986905891407322,0.847,52.87565465874555,-28.241828952327364,52.875629,-28.24177,52.875687,-28.241541
-530508596277584352,1548070,1.098064072487738,0.724,53.05085965419728,-27.75843523914454,53.050831,-27.758369,53.050964,-27.758246
-533043266287936530,1315570,3.33034073832788,1.801,53.30432667383538,-28.79365303639497,53.304306,-28.793615,53.304596,-28.793222
-527370635281577983,1311113,0.6446977221430785,0.658,52.737063558435686,-28.157798344537923,52.737038,-28.157749,52.737068,-28.15786
-547338322290978451,1285539,5.110287023200981,1.989,54.7338322117346,-29.097845179498314,54.733749,-29.097792,54.733101,-29.097719
-544886937273087734,1253895,0.6888118551183339,0.035,54.488693727946696,-27.308773419564776,54.488632,-27.308672,54.488648,-27.30871
-540549944276648467,1334257,0.7563301624703151,0.469,54.054994480720005,-27.66484670804231,54.054943,-27.66481,54.055016,-27.664705
-524328704276500994,1700109,0.5994329095088577,0.311,52.43287042003336,-27.650099498303742,52.432846,-27.650053,52.432846,-27.649979
-537767293273020019,1861164,2.858299927987275,1.173,53.776729333939095,-27.30200196228099,53.776703,-27.301983,53.776661,-27.3018
-520691260273552729,1259667,1.8835353745810672,1.175,52.06912602798543,-27.35527295148897,52.069096,-27.355251,52.068932,-27.355461
-543070402274221954,1254671,0.9368050111175796,1.257,54.30704026999607,-27.422195411931494,54.306995,-27.422146,54.306751,-27.421778
-536682602273916992,1297061,0.1856038161982435,0.328,53.66826021003808,-27.39169928668424,53.668236,-27.391678,53.668201,-27.391729
-523349028275874032,1891266,1.148182010820769,1.525,52.33490282353348,-27.5874032320606,52.334877,-27.587389,52.335201,-27.587145
-540308768270832535,1330559,0.7091693244594494,0.09,54.03087684162129,-27.083253547469585,54.03083,-27.083225,54.030827,-27.08321
-541245369285699530,1339392,0.8110323928186687,0.251,54.12453694337221,-28.569953003461908,54.124512,-28.569908,54.124462,-28.569849
-542989063289421042,1390164,1.853186992356532,0.372,54.29890632803134,-28.94210423121589,54.298866,-28.942039,54.298798,-28.942001
-545593364287101368,1343337,1.2939720729845663,1.103,54.55933647046111,-28.71013688560005,54.559311,-28.710089,54.559166,-28.709869
-544666414293349064,1251126,1.1736650894431224,1.74,54.46664145904279,-29.334906473695565,54.46661,-29.334866,54.466965,-29.334354
-543142556292334313,1933196,1.010624537474132,0.494,54.31425562825882,-29.23343138294872,54.314251,-29.233372,54.314098,-29.233385
-540566761269695651,1290967,0.5132736133471982,0.273,54.05667616951718,-26.96956519847259,54.056625,-26.969536,54.056568,-26.969482
-542682105296323911,1782065,1.064930617837081,0.62,54.26821057179102,-29.63239116136825,54.268177,-29.632381,54.268028,-29.632284
-545775988285029126,1265426,0.9880215657858016,0.814,54.5775988462526,-28.502912694476173,54.577587,-28.502853,54.577404,-28.502773
-527792516286789890,1449102,1.169475478182243,0.656,52.779251642305255,-28.678989065452328,52.779289,-28.6791,52.779148,-28.679045
-528793801287094447,1380167,1.0202268738164246,1.468,52.87938018452474,-28.709444777243363,52.879337,-28.709394,52.879147,-28.70973
-523939802286880079,1936293,0.5511861610021651,0.342,52.39398026448601,-28.688007963046225,52.393917,-28.687963,52.39399,-28.687922
-526971655286756946,1850154,0.6341888192135712,0.39,52.69716553607791,-28.67569467084361,52.697109,-28.675652,52.697018,-28.675591
-525146677287431491,1262895,2.3265249364309457,0.704,52.51466773509589,-28.7431491527693,52.514614,-28.743109,52.514633,-28.742975
-527793991286792607,1449102,1.243411877036323,0.656,52.77939912827389,-28.679260798771928,52.779289,-28.6791,52.779148,-28.679045
-528805180287276644,1322975,0.7486622342953512,1.416,52.88051807504586,-28.727664487738853,52.880459,-28.727621,52.880024,-28.727432
-545373871269770543,1326216,0.9310696109671978,0.843,54.53738715894111,-26.97705435051506,54.537334,-26.977034,54.537075,-26.976971
-525710018283214081,1366482,0.4082582093306049,0.612,52.57100181408001,-28.32140813184264,52.570965,-28.321358,52.570999,-28.321495
-534060943277491174,1588019,0.8128663523700769,0.521,53.406094389984645,-27.749117445313733,53.406071,-27.749104,53.405987,-27.74901
-532628664273480222,1263829,1.856438043375072,1.653,53.26286645018659,-27.34802223642127,53.262848,-27.348007,53.262592,-27.34733
-534701907274847170,1297070,0.3169473377421754,0.37,53.47019076500171,-27.48471705455476,53.470135,-27.484709,53.470223,-27.484638
-532857134275184433,1901375,1.6216237704173808,0.672,53.28571341289261,-27.51844336579036,53.285679,-27.518417,53.285568,-27.518358
-546770431294481448,1719037,2.221230768247253,1.793,54.67704315881063,-29.4481448871659,54.677017,-29.448082,54.677372,-29.447645
-530935591274941177,1537077,0.3696188298141067,0.414,53.09355918473511,-27.494117754710874,53.093517,-27.494064,53.093514,-27.49415
-531322374275777790,1334858,2.4415477529281304,1.978,53.132237491326414,-27.57777901412157,53.132202,-27.577719,53.131512,-27.577599
-551606475293826990,1302027,0.8862039083327303,0.593,55.16064758626349,-29.38269907577587,55.160618,-29.382671,55.160553,-29.382549
-549675228294661026,1896244,0.4341679245637107,0.49,54.967522807605,-29.466102694261227,54.96751,-29.466063,54.96743,-29.465937
-526151017273998619,1945100,2.4103968661313275,0.932,52.6151017102251,-27.399861934253,52.615055,-27.399786,52.614922,-27.399656
-526693282276903413,1290593,1.2178103213450178,0.921,52.66932829385942,-27.69034135706052,52.6693,-27.69029,52.669548,-27.690344
-529102654276962380,1826039,1.0693697587523217,1.132,52.9102654584534,-27.69623807134157,52.910221,-27.696194,52.910095,-27.696438
-529714862275729817,1303722,1.072380562591966,1.045,52.9714862692842,-27.57298178724416,52.97147,-27.572937,52.971146,-27.572849
-529802850277127841,1339246,7.981423929967261,3.457,52.98028507514783,-27.71278419183698,52.980255,-27.712732,52.980213,-27.713514
-529468018275462569,1257602,1.3445493450988857,1.644,52.94680186362325,-27.546256908689458,52.946781,-27.546215,52.94643,-27.546074
-529290231277309150,1256596,0.6097571994613786,0.233,52.929023118776975,-27.73091508589527,52.929001,-27.730846,52.929066,-27.730841
-526811445273898226,1295794,0.9254312973755128,1.262,52.681144588650746,-27.38982267651618,52.681114,-27.389771,52.681576,-27.389782
-528224355276667365,1833564,1.164290449110721,0.829,52.82243552213535,-27.666736571215875,52.822403,-27.66667,52.822266,-27.666786
-547310279291251243,1559124,1.3635007525034777,1.56,54.73102794143594,-29.12512431380833,54.731014,-29.125076,54.731361,-29.125114
-545910407288856313,1835110,1.215666331409502,1.227,54.59104074036078,-28.885631339110983,54.591019,-28.885574,54.590889,-28.885368
-545866859275570527,1252513,0.256571448462101,0.391,54.58668593088581,-27.557052792783328,54.586636,-27.557007,54.586571,-27.557074
-523424803277327018,1250882,0.6824848466785929,0.781,52.34248038589513,-27.73270185420477,52.342525,-27.732635,52.342468,-27.73279
-542032153276771739,1891261,1.0885671267296486,0.516,54.20321531075858,-27.677173990568264,54.203171,-27.677132,54.20298,-27.677126
-546102173275418976,1315818,2.9982050235566424,0.238,54.61021730916532,-27.541897610693937,54.610168,-27.541847,54.610172,-27.541802
-539123552274103915,1330964,1.3500577906958455,1.321,53.91235527306139,-27.410391503088547,53.912296,-27.410366,53.912453,-27.409948
-539479025276338174,1330533,0.6013420267530912,0.285,53.9479025264219,-27.633817487668377,53.947861,-27.633768,53.947941,-27.633751
-546982381272942555,1432027,0.9638216550629016,0.762,54.698238103127856,-27.29425553186348,54.698223,-27.294216,54.698093,-27.293657
-523700360284626253,1308589,0.9638141175068664,0.437,52.37003609600607,-28.46262538101865,52.369991,-28.462612,52.369988,-28.462507
-543467306278567814,1723034,0.2360259218762576,0.179,54.34673066577966,-27.85678144919071,54.346664,-27.856716,54.346748,-27.856699
-522212014287359800,1297580,3.0135834347759016,0.212,52.22120143566151,-28.73598001690185,52.22113,-28.735949,52.221073,-28.735945
-531507079289628957,1595127,1.7103916835493074,1.642,53.15070791899408,-28.962895704106657,53.1507,-28.962879,53.150955,-28.963417
-528834305288001530,1261233,1.2844311798149337,0.856,52.88343054584841,-28.80015303962481,52.883373,-28.800106,52.883198,-28.800205
-522832345284632528,1277715,1.4331775104243794,0.985,52.28323454198695,-28.46325289549573,52.283127,-28.463232,52.283291,-28.462946
-522693676284026133,1895233,0.9883305079266548,0.518,52.26936761149442,-28.40261332339484,52.269329,-28.402563,52.269379,-28.402449
-520247825284049227,1290007,1.2482561713947562,1.007,52.02478252107686,-28.40492271403163,52.02475,-28.404896,52.025013,-28.404818
-519648908287077174,1332819,0.5182096573977254,0.256,51.96489089815186,-28.70771744480185,51.964836,-28.707684,51.964768,-28.707645
-527460457282211312,1252183,1.0985390634850076,0.134,52.74604574494811,-28.22113122771468,52.74601,-28.221079,52.745983,-28.221069
-540549837283950341,1297353,1.7962038013498314,1.276,54.05498372368565,-28.395034134487243,54.05492,-28.394947,54.054771,-28.395136
-527261795278941140,1264606,1.2340111901723636,1.13,52.72617955245178,-27.894114026110568,52.726147,-27.894068,52.726551,-27.894114
-535468303293741469,1304777,1.3478816970255405,3.438,53.54683039051536,-29.374146958304287,53.546795,-29.374111,53.544529,-29.374083
-531409888277967180,1332747,0.870863256251329,0.479,53.14098881812643,-27.79671801328976,53.140968,-27.796667,53.140884,-27.796587
-532234700282145588,1309870,1.8895633872752269,1.597,53.22347004371215,-28.214558852304528,53.223431,-28.214508,53.223663,-28.214186
-534583070294706137,1702096,1.1431021983099945,1.073,53.45830709564238,-29.470613768266265,53.458267,-29.470592,53.458302,-29.470303
-537958513285322374,1887027,1.713566289587688,2.808,53.795851363557375,-28.53223744706911,53.79583,-28.532192,53.796448,-28.530863
-528838506281706554,1257587,14.169933589552084,0.57,52.88385061241576,-28.170655426550944,52.883854,-28.170618,52.884262,-28.170683
-517519139285359191,1316626,0.9141777018696032,0.318,51.7519139616559,-28.53591916430037,51.751858,-28.535896,51.751804,-28.53587
-517947823278225511,1297465,1.079755504444564,1.186,51.794782330957936,-27.82255116620841,51.794724,-27.822512,51.795311,-27.822104
-517497135281632132,1474020,0.5020682910961952,0.179,51.74971358130797,-28.16321323829624,51.749657,-28.163149,51.749641,-28.163183
-516583798278956164,1303699,0.2322784703799426,0.356,51.6583798993384,-27.89561646209657,51.658554,-27.895477,51.65831,-27.89559
-520478743278629332,1289600,1.0142873663533232,0.686,52.047874388790376,-27.862933287703783,52.047855,-27.862896,52.047657,-27.862852
-515587113281348843,1261259,0.7391074545569177,0.506,51.55871131095624,-28.134884350283546,51.558685,-28.13479,51.558544,-28.134834
-516473284280214781,1313057,0.1380641739008599,0.29,51.64732842925356,-28.021478180218647,51.647289,-28.021437,51.647163,-28.021414
-516721809283234980,1309215,2.9230637135642006,1.29,51.67218090862801,-28.32349809859117,51.672451,-28.323631,51.672638,-28.323961
-517943021283192522,1655086,1.4786242010896624,0.885,51.79430216713584,-28.31925221851016,51.794254,-28.319195,51.794292,-28.319025
-529548270283234524,1936125,1.3344956365789482,0.372,52.95482700598207,-28.32345244517978,52.9548,-28.323393,52.954872,-28.32342
-533676661286933317,1263785,0.421227316040843,0.096,53.367666139134414,-28.6933317554475,53.367622,-28.693291,53.367607,-28.693276
-533306142284574684,1262231,0.6765130793838056,0.262,53.330614270928,-28.457468492285795,53.33057,-28.457417,53.330566,-28.457361
-540468109297877444,1249805,0.5164715009493607,0.26,54.04681090712544,-29.787744455556663,54.046764,-29.787718,54.046745,-29.787649
-533237488287247584,1339609,0.0639677673064962,1.167,53.323748843506,-28.7247584090197,53.323727,-28.724712,53.32391,-28.724577
-530922489283267113,1598039,2.172430489374527,1.46,53.09224890342219,-28.32671136755836,53.092228,-28.326656,53.091919,-28.32674
-529674966282526821,1307953,1.443410138418317,0.471,52.96749665276566,-28.252682116977383,52.967472,-28.252638,52.967396,-28.252647
-539560437297547528,1549078,1.4965240083085625,0.353,53.95604375620128,-29.75475287842455,53.956184,-29.754856,53.956108,-29.754837
-531479250285220206,1302185,2.725131301942979,0.671,53.14792509862181,-28.522020659910048,53.147877,-28.521965,53.147728,-28.521929
-528056299282415600,1643213,0.6576194957121609,0.734,52.80562996927912,-28.241560041583508,52.805607,-28.241508,52.805611,-28.241674
-535428976284061765,1264038,4.08104136688891,0.355,53.54289769863936,-28.40617651552527,53.542889,-28.406431,53.542812,-28.406399
-536487461297139124,1433040,0.4315653231392561,0.232,53.64874610248028,-29.713912440721074,53.648689,-29.713867,53.648651,-29.713785
-536074646283083338,1590133,6.550614237109159,1.133,53.60746461552148,-28.308333899705094,53.607262,-28.308187,53.607067,-28.308249
-539457390284841860,1309293,1.4357378802743752,0.453,53.94573901154704,-28.48418608871404,53.945694,-28.484144,53.945625,-28.4842
-533660109289324645,1319926,0.4065151847895041,0.342,53.36601098693023,-28.93246459041769,53.365974,-28.932434,53.365944,-28.932509
-534994266295340422,1252142,0.1845944283930306,0.252,53.49942663256549,-29.53404227585178,53.499344,-29.534046,53.499386,-29.53405
-532019991279045006,1253972,0.6025050634143883,0.367,53.20199910695096,-27.90450063849371,53.201965,-27.904451,53.201866,-27.90443
-528840677281707890,1257587,2.698009441337327,0.57,52.88406772130927,-28.170789097479084,52.883854,-28.170618,52.884262,-28.170683
-523940248275081326,1420185,0.471489481699981,1.077,52.39402480826891,-27.50813266875599,52.394001,-27.508066,52.39428,-27.508322
-545887072288090371,1309323,0.8768275686247229,0.411,54.58870727195891,-28.80903716275204,54.588726,-28.809023,54.588749,-28.808949
-545626614291873568,1262201,0.8937264337860871,1.651,54.56266141375436,-29.187356800778613,54.562641,-29.187325,54.56258,-29.186472
-545148114276978748,1335259,1.8756143499360036,0.871,54.5148114813887,-27.6978748430102,54.514759,-27.697821,54.51461,-27.69791
-548656818292402613,1302073,0.4696550250583731,0.361,54.865681856603366,-29.24026138990428,54.865669,-29.240215,54.865692,-29.240126
-546448118291943983,1309288,0.1765377287001036,0.176,54.64481181583214,-29.194398319393542,54.64481,-29.194363,54.644871,-29.194429
-540257709277465828,1871017,1.5033198133786825,1.427,54.02577097518636,-27.74658287497214,54.025715,-27.74655,54.025879,-27.746033
-524658385277288383,1900801,0.9495999271518908,0.517,52.46583856233606,-27.728838303442107,52.465832,-27.728773,52.465889,-27.72867
-537264115276222114,1246281,4.694700666849294,2.766,53.72641150429149,-27.62221144914112,53.726334,-27.622108,53.725414,-27.622061
-539363100280254085,1263139,1.5765772910452114,1.325,53.93631008228241,-28.02540858457356,53.936253,-28.025343,53.936279,-28.025551
-526324930288079615,1413048,1.8690817263249209,0.779,52.63249308037955,-28.80796153738209,52.632442,-28.807919,52.632256,-28.807838
-539003188269689817,1257366,1.2591798102858935,1.445,53.90031881206742,-26.96898170598332,53.900276,-26.96896,53.899559,-26.969273
-529459608288169875,1256028,0.9108480486466006,0.454,52.94596089341929,-28.816987596735903,52.945942,-28.816916,52.945858,-28.816963
-540001819280780860,1320474,3.733961132596381,0.601,54.000181957536576,-28.07808608761484,54.000061,-28.078136,53.999931,-28.078095
-523743069283278673,1263130,0.49827924041957,0.401,52.3743069375422,-28.32786734359862,52.374233,-28.327822,52.374332,-28.327791
-528847823288618506,1435094,2.7036740477792853,2.719,52.88478235694727,-28.861850696783144,52.884743,-28.861792,52.884792,-28.862623
-537367327271408881,1326367,1.2027571223751363,1.702,53.73673278920705,-27.140888169700663,53.736694,-27.140879,53.73613,-27.140719
-541107154279155651,1330530,2.6313629695275957,1.07,54.11071547139242,-27.915565181758804,54.110645,-27.91552,54.110844,-27.915379
-524489708289763138,1277710,0.482146414160475,0.064,52.44897083895091,-28.97631380451697,52.448914,-28.976282,52.448898,-28.976278
-534347156278135568,1254108,1.957652999388436,1.903,53.43471568186101,-27.813556845660543,53.434677,-27.813511,53.434582,-27.813009
-533257027278643173,1508029,1.7426211345344935,1.307,53.32570275035121,-27.86431733773226,53.325661,-27.864252,53.325958,-27.864143
-522314683290347731,1375087,2.0053763257237907,0.215,52.23146837620532,-29.03477311003477,52.231216,-29.034784,52.23122,-29.034729
-523514243290617747,1899442,4.717471202480128,2.292,52.351424334524346,-29.061774790885856,52.351391,-29.061783,52.351849,-29.061256
-534860540282082311,1562077,1.790823363682949,0.415,53.48605401040938,-28.20823116142238,53.486023,-28.208179,53.485966,-28.208237
-536656385281827745,1339220,0.9372053121453896,1.581,53.66563854657219,-28.182774579491102,53.665604,-28.182732,53.665455,-28.183355
-538187510278230317,1929024,1.2145928467741538,1.049,53.818751031436776,-27.823031790231106,53.818714,-27.822989,53.819077,-27.822889
-535500606281800793,1277716,0.2840048211122132,0.574,53.55006062573231,-28.18007933703533,53.550053,-28.18001,53.549919,-28.179991
-539121805283190725,1299785,1.80195243629885,1.858,53.912180575454535,-28.31907255408968,53.912125,-28.319021,53.911511,-28.319296
-537644492286937885,1920365,4.093152780159124,3.42,53.764449293911404,-28.69378852249217,53.764412,-28.693748,53.765621,-28.693724
-536072550283081845,1590133,2.2043849715224355,1.133,53.60725508026468,-28.30818454435527,53.607262,-28.308187,53.607067,-28.308249
-536306301296490251,1292145,0.2145902719952418,0.28,53.63063016242517,-29.64902517906047,53.630566,-29.648985,53.630531,-29.648947
-532567312282265413,1277995,4.19626385026092,0.331,53.25673124762163,-28.22654131426568,53.256645,-28.226553,53.256615,-28.226488
-532566707282266238,1277995,0.5487901713161945,0.331,53.25667070248273,-28.226623895401268,53.256645,-28.226553,53.256615,-28.226488
-535243864295447444,1304779,1.0310709475397046,1.125,53.52438646409791,-29.544744440849463,53.524357,-29.544712,53.524139,-29.544495
-536562163295628158,1644290,0.3655095255022121,0.313,53.656216338549925,-29.56281588233773,53.656178,-29.562799,53.656052,-29.562813
-538481819295922082,1303496,0.4150876284335777,0.581,53.848181982137845,-29.59220828982477,53.848282,-29.592043,53.848209,-29.591787
-528602647283534634,1335717,1.2191133484159824,1.349,52.8602647255137,-28.35346345512068,52.860222,-28.353428,52.859905,-28.353096
-524534790285784467,1302123,1.3143424676311983,0.766,52.45347909518993,-28.5784467212359,52.45343,-28.578407,52.453339,-28.578219
-523886753283506676,1642178,1.0490997767706878,0.348,52.38867536428498,-28.350667635285863,52.388626,-28.350616,52.388535,-28.350605
-527204661282928642,1902212,1.453696327624599,1.613,52.72046610909776,-28.292864256190907,52.720451,-28.292814,52.719814,-28.292896
-526637373284794275,1332632,0.981587556192152,0.0,52.66373735872708,-28.4794275845336,52.663742,-28.479296,52.663742,-28.479296
-529420702282916098,1295509,0.5494373883963429,1.061,52.942070278213016,-28.291609818546608,52.941978,-28.291639,52.941841,-28.29143
-524905528285485684,1323740,2.1689620056158376,0.808,52.49055287049732,-28.54856849290616,52.490513,-28.548523,52.49036,-28.548483
-529398413283319690,1333489,0.874389286139059,0.614,52.93984133451831,-28.331969039680377,52.939812,-28.331917,52.939652,-28.331986
-527432539286295019,1912066,1.190693789648466,0.588,52.74325392585544,-28.62950198379241,52.743202,-28.629459,52.743038,-28.629389
-532446569272505877,1261163,0.704682416463787,0.619,53.244656923014304,-27.250587710676225,53.244629,-27.250557,53.244747,-27.250668
-529688627272483312,1309509,2.5754284980251207,1.341,52.96886271857204,-27.248331223123788,52.96883,-27.248276,52.968662,-27.248074
-529083854272278040,1339232,0.3408041351242151,0.783,52.908385490135046,-27.227804057987463,52.908352,-27.227753,52.908131,-27.227524
-528421171272244971,1347112,2.5441539600824177,2.597,52.84211716883076,-27.224497164547536,52.842068,-27.224436,52.841625,-27.223948
-533493896272293032,1260605,1.0608512153684295,1.371,53.34938960404235,-27.22930327905304,53.349369,-27.229282,53.349716,-27.229445
-533303505269037309,1319614,0.1114877885208187,0.21,53.33035056217612,-26.90373092258348,53.330334,-26.903692,53.330345,-26.903748
-533192110270180550,1260556,1.4892531990254223,1.362,53.3192110807829,-27.018055010049952,53.319195,-27.01804,53.319641,-27.018248
-533466135267590160,1340460,1.0463763092221905,0.812,53.34661356827873,-26.75901601689313,53.346596,-26.75898,53.346462,-26.758844
-531181603269798873,1341857,0.8290659422090949,0.666,53.11816032003154,-26.97988735962845,53.118153,-26.979881,53.118179,-26.979706
-547080419282403279,1699105,0.6795140033914021,1.059,54.70804193416188,-28.24032794555088,54.707993,-28.240286,54.708187,-28.239918
-545455046278051913,1332701,0.9520286981814357,0.429,54.545504616733936,-27.805191340574872,54.545448,-27.80512,54.545445,-27.805193
-547750015282368294,1310916,2.9499498492564853,2.895,54.77500151564416,-28.236829472821384,54.774956,-28.236753,54.773846,-28.236921
-546776448282241854,1254070,1.0798956897415644,0.732,54.6776448012396,-28.22418543111037,54.677597,-28.224133,54.677429,-28.224115
-549069851278131583,1303279,0.508367608762809,0.424,54.906985197626895,-27.81315833754152,54.906944,-27.813091,54.906788,-27.813025
-545352566277540442,1659122,1.0913622160428489,1.39,54.53525668574781,-27.754044281315142,54.535236,-27.753998,54.53492,-27.754091
-534479303294410460,1263930,2.191165522768948,0.379,53.4479303609227,-29.44104603891556,53.447895,-29.441017,53.448395,-29.441078
-546360019282198538,1315832,3.1762003643978343,1.418,54.6360019740577,-28.21985384334031,54.635948,-28.219814,54.635643,-28.21982
-545952968281565149,1302055,1.9681904886491275,1.717,54.59529688024611,-28.156514940616383,54.595238,-28.156473,54.594791,-28.156172
-543908872274734841,1312818,1.282011205392123,0.397,54.390887230359965,-27.47348417483653,54.390839,-27.473436,54.390797,-27.473509
-548979590289041487,1878288,0.5096672895486515,0.452,54.89795909473263,-28.904148746446488,54.897926,-28.904102,54.898056,-28.903999
-539137978275277599,1871023,0.4425905845237194,0.282,53.91379789337928,-27.52775999160229,53.913521,-27.527784,53.913403,-27.527689
-536006390276656770,1305873,1.092762119069017,0.992,53.600639006438215,-27.66567704128447,53.600513,-27.665676,53.60075,-27.665558
-548402773288792148,1335675,0.593864874275698,0.455,54.84027739059728,-28.87921489156887,54.84026,-28.879168,54.840099,-28.879179
-544673898291328929,1299758,2.567716676657918,1.662,54.46738986448485,-29.13289295166537,54.467381,-29.132839,54.467705,-29.132677
-545867336275568347,1252513,15.760910892946429,0.391,54.58673366824738,-27.55683477045687,54.586636,-27.557007,54.586571,-27.557074
-543831738287958540,1389210,1.697203142729847,1.649,54.38317389197554,-28.795854026548533,54.383144,-28.795811,54.382717,-28.796007
-523858104274725094,1409129,1.0928849235817069,1.135,52.38581043369344,-27.47250948564062,52.385773,-27.47246,52.385895,-27.472719
-535426708275890416,1342906,0.3108011455800504,0.115,53.54267081538432,-27.58904167182736,53.542633,-27.588991,53.542625,-27.589018
-535260247276321291,1316385,0.2299757532983626,0.068,53.52602472581173,-27.632129100121343,53.525982,-27.632095,53.525982,-27.632116
-532312152275806895,1431118,1.1492132061431388,0.61,53.23121522223647,-27.580689515484032,53.231205,-27.580669,53.23114,-27.580593
-533742657276868379,1411114,2.0391163581083656,0.647,53.37426572852363,-27.68683797924956,53.374218,-27.686781,53.37405,-27.686787
-547233086293518407,1256432,1.7822252584568368,1.379,54.72330862812205,-29.351840727893087,54.723301,-29.351784,54.723019,-29.35157
-534687798273351711,1319653,0.2858176781587007,0.271,53.46877987247993,-27.33517116749736,53.468742,-27.335154,53.468807,-27.335157
-531697869276602513,1311151,1.6801134237443704,0.552,53.1697869334889,-27.66025130322602,53.169743,-27.660198,53.16959,-27.660196
-534923268274002910,1280135,0.7701508025668798,0.68,53.49232686766347,-27.400291096576897,53.492321,-27.400358,53.49221,-27.400271
-550652655293278217,1318659,1.789311955758471,0.655,55.06526558026814,-29.3278217561332,55.06525,-29.327761,55.06517,-29.327721
-538015552288144542,1251114,0.8183154225282316,0.244,53.80155523670186,-28.81445421120265,53.801533,-28.814411,53.801479,-28.814411
-543354103286373062,1936171,1.1996177973375215,0.788,54.33541034795623,-28.637306210842457,54.335392,-28.637262,54.335171,-28.637129
-539377366271533032,1338762,5.345344442199286,2.771,53.93773664949313,-27.15330321338057,53.937702,-27.153252,53.937035,-27.153151
-541521089294055275,1310963,0.30776460572738,0.13,54.15210896715335,-29.405527581026448,54.152084,-29.405485,54.152069,-29.405451
-544785904284443251,1322819,1.1342156455255186,0.079,54.47859045836898,-28.444325183974165,54.478546,-28.444288,54.478329,-28.444315
-543695477293025335,1324544,1.3390511253294308,0.77,54.36954772115758,-29.30253354317496,54.369522,-29.302494,54.369358,-29.302443
-540960298287198755,1945116,0.259954215908522,0.598,54.09602981146907,-28.71987554467536,54.096039,-28.719822,54.095974,-28.71995
-543208451285202258,1297365,1.0348470427827927,0.815,54.32084514071133,-28.52022582976078,54.320808,-28.520174,54.320938,-28.519957
-538954564290480662,1324542,2.712725592741651,0.893,53.895456437587136,-29.048066278164463,53.895405,-29.048021,53.895199,-29.047989
-529734987287480706,1290191,1.9709151547487345,1.05,52.97349870188008,-28.74807068946815,52.973438,-28.748032,52.97329,-28.748177
-530190767286225067,1257609,0.5381715605039541,1.006,53.01907679949639,-28.62250672426749,53.019035,-28.62245,53.019367,-28.62269
-518060489274882081,1504139,1.5647549639111185,2.532,51.80604894932848,-27.488208186848897,51.806026,-27.488159,51.805798,-27.488939
-535052150286444020,1653101,0.4860398158789858,0.675,53.50521509235475,-28.644402085389608,53.505184,-28.644373,53.505249,-28.644556
-530703590285293058,1654105,2.8345993604676454,2.419,53.07035907382591,-28.5293058822399,53.07037,-28.529305,53.071022,-28.529701
-534927475286442914,1265644,0.1214427047788233,0.288,53.49274759455875,-28.64429143366055,53.492725,-28.64426,53.492764,-28.644297
-530596292282900556,1536112,3.4874317426180883,2.159,53.05962922977959,-28.29005566252985,53.059582,-28.29002,53.059235,-28.28966
-530805737284610479,1336957,1.1742900887519905,0.609,53.08057376256005,-28.461047980515406,53.080536,-28.461002,53.080479,-28.460852
-532604135282907015,1297490,4.0275478624374665,1.508,53.26041358160405,-28.290701580205468,53.260384,-28.290657,53.260059,-28.290663
-527770120278695671,1259352,0.2740304281644725,0.173,52.77701205399474,-27.86956713771608,52.776966,-27.869511,52.776962,-27.869553
-534258971288779502,1550103,10.22835956375759,1.655,53.42589718719371,-28.87795021138064,53.425766,-28.878149,53.425472,-28.878401
-534257452288782550,1550103,3.5203390767751777,1.655,53.42574521344628,-28.87825504895401,53.425766,-28.878149,53.425472,-28.878401
-537683455296625291,1291788,0.4791046886197332,0.434,53.76834552235705,-29.66252917112841,53.768295,-29.662498,53.768215,-29.662418
-533212591288900016,1721068,0.0537683887278466,0.176,53.3212591530946,-28.89000161752223,53.321236,-28.889969,53.32127,-28.890017
-538413446296879036,1643316,0.2773943761642398,0.133,53.84134468447595,-29.687903678875443,53.841293,-29.68788,53.841248,-29.68788
-530930372279545809,1304503,0.2000204956029815,0.425,53.093037262539525,-27.95458099809347,53.09301,-27.954535,53.092903,-27.954512
-540639584285567458,1590122,0.4897727562928701,1.383,54.06395840090582,-28.55674588983658,54.063961,-28.556692,54.063477,-28.557043
-529465279278476063,1250803,6.044298561069532,0.801,52.94652791266471,-27.847606335757355,52.946404,-27.84753,52.946167,-27.847559
-523591589271707714,1255169,0.3895374012785481,0.358,52.359158954055424,-27.17077142982112,52.359135,-27.170725,52.359085,-27.170658
-546529444276621771,1833339,0.2472013504572046,0.249,54.65294442125885,-27.662177120968355,54.652912,-27.662128,54.653015,-27.661984
-545192713291330932,1330403,1.2143372463820212,1.068,54.51927138693756,-29.13309329704286,54.51926,-29.133043,54.519131,-29.132799
-548834377277155439,1581048,0.7842055003359194,0.73,54.88343777266091,-27.71554398477738,54.883392,-27.715481,54.883518,-27.715591
-548989778276159820,1256933,2.2957323817008044,2.301,54.89897789541844,-27.615982089412604,54.898941,-27.6159,54.899605,-27.616728
-548590235288516483,1921361,2.2529849901130854,0.538,54.85902350806654,-28.851648352990377,54.859001,-28.851612,54.858913,-28.851629
-542097761272623481,1950043,1.409171819572568,1.382,54.20977612439978,-27.262348167387653,54.209713,-27.262325,54.209644,-27.262026
-521272151273480641,1448122,0.0928213430645927,0.205,52.12721517333621,-27.348064195798152,52.12719,-27.348009,52.127201,-27.348057
-549212204277479056,1306736,0.5358525043076631,0.764,54.92122041233537,-27.74790560110314,54.921165,-27.747841,54.920952,-27.748051
-518657975285159245,1923155,0.9810549427738148,0.469,51.86579758705217,-28.515924561211705,51.865753,-28.515875,51.865669,-28.515791
-531871930290282687,1340954,0.8931294917355834,1.473,53.18719301874448,-29.028268714223884,53.187054,-29.028412,53.186806,-29.027645
-520503946283802211,1817265,1.9661263266818412,0.649,52.050394687396405,-28.38022116870376,52.050388,-28.380188,52.050282,-28.3801
-530062044290210170,1257775,1.1525419688731466,1.164,53.00620440105145,-29.021017074454765,53.006115,-29.020988,53.005711,-29.02096
-534995536268434747,1929034,0.2605736524501987,0.273,53.49955367407481,-26.8434747985376,53.499535,-26.843451,53.499516,-26.843517
-538535882281235285,1290323,1.4591728229798149,1.361,53.85358824192644,-28.123528590508258,53.853542,-28.123526,53.853111,-28.123365
-534956224268622586,1261784,2.538510939745285,1.758,53.49562248535366,-26.862258608714185,53.495426,-26.862234,53.494923,-26.862579
-531307830288779090,1345458,0.8311419934437643,0.457,53.13078306949031,-28.877909058059352,53.130745,-28.877878,53.130634,-28.877844
-535543815270407251,1290812,0.9062812023850292,0.298,53.55438153075235,-27.040725156815185,53.55426,-27.040602,53.554241,-27.040655
-523238197287876115,1252671,0.5208283339691838,0.736,52.32381979979381,-28.787611575919577,52.323704,-28.787571,52.32399,-28.787512
-523831319287827678,1295800,0.3722108767165742,0.811,52.38313190117496,-28.782767862970672,52.383057,-28.782734,52.383202,-28.78282
-533008945280250231,1309492,1.5650829423026758,0.317,53.30089458507686,-28.025023124409906,53.300854,-28.024961,53.30085,-28.024872
-525943839288199934,1495047,1.4755995242855984,1.029,52.5943839402428,-28.819993400268487,52.594322,-28.81996,52.594212,-28.819742
-525811293287488308,1316461,1.42979097943275,0.673,52.5811293774994,-28.748830876304755,52.581059,-28.748798,52.5812,-28.748646
-523190531290024133,1255139,0.16397500140345,0.66,52.31905311137224,-29.002413397432218,52.319019,-29.002293,52.31905,-29.002453
-532948954279576346,1307830,2.8816793550329582,1.738,53.29489545366321,-27.957634632762087,53.294861,-27.957586,53.294464,-27.957768
-532948954279576346,1315950,3.244424470729205,1.398,53.29489545366321,-27.957634632762087,53.294842,-27.957588,53.294762,-27.957275
-534547353282345076,1323777,0.4640080456516204,1.147,53.45473530515493,-28.234507679861053,53.454697,-28.234455,53.455006,-28.234989
-546574258283928698,1567044,0.7077014966199996,0.416,54.65742582144554,-28.392869809615,54.657379,-28.392817,54.657242,-28.392786
-551296135284899915,1318661,0.4407371588485522,0.26,55.129613535455086,-28.48999153648976,55.129574,-28.489967,55.129459,-28.489935
-537045192263619033,1338849,1.579319595066168,1.903,53.704519229092426,-26.361903375298425,53.704479,-26.361889,53.704571,-26.361382
-541159667265864686,1552143,0.2587507311992096,0.0,54.11596670481359,-26.586468645778243,54.115929,-26.586367,54.115929,-26.586367
-540890986265897875,1470063,0.5541290780023066,0.187,54.08909862960622,-26.589787590229243,54.089054,-26.589748,54.089008,-26.589735
-540817231265744946,1570024,0.2739066841006276,0.516,54.08172310008309,-26.57449460482729,54.08168,-26.574465,54.081772,-26.574581
-549218254283159961,1319870,1.426438500626468,1.402,54.92182544395437,-28.31599618412472,54.921764,-28.315973,54.921398,-28.315712
-536833499266443415,1555053,1.453821635950916,0.154,53.68334992680165,-26.6443415383848,53.683319,-26.644308,53.683285,-26.644318
-540814508267128386,1332795,1.3266103294623297,1.259,54.08145088177198,-26.712838679045788,54.081429,-26.71279,54.081608,-26.713064
-522022435280219867,1271436,0.9815668336774598,1.545,52.20224359045076,-28.021986755766704,52.202198,-28.021929,52.201614,-28.021826
-525514683280459534,1252665,0.3693968063917701,0.436,52.55146837779181,-28.04595348299835,52.551414,-28.045916,52.551495,-28.045853
-526113214281422360,1315947,1.504565677603433,0.916,52.61132144108735,-28.14223604006381,52.611301,-28.142172,52.611511,-28.142117
-524300568280823158,1318052,3.7589445964709,2.539,52.43005680157606,-28.08231587794689,52.430042,-28.082144,52.429531,-28.082205
-521686156281854874,1293789,0.44444358453354,0.42,52.16861562542596,-28.18548748433426,52.168579,-28.185438,52.168682,-28.185522
-522691734280830887,1252237,0.2780249992573935,0.638,52.26917340601478,-28.08308870596222,52.269238,-28.082966,52.26918,-28.083105
-526396060279630756,1341271,1.3220462898785708,0.425,52.63960604954108,-27.96307564381093,52.639565,-27.963018,52.639504,-27.962948
-523179661278692051,1293921,1.7816341140309044,1.101,52.3179661589451,-27.869205166611888,52.317928,-27.869156,52.318111,-27.868938
-521631861281081496,1304442,0.4792930473485085,0.504,52.163186175506034,-28.108149636305363,52.16317,-28.108171,52.163063,-28.108288
-542128948278244571,1254670,1.0409107492069007,0.448,54.21289482678354,-27.824457164704093,54.212826,-27.824398,54.212891,-27.824284
-540113533279055231,1346139,1.3696339731631333,1.321,54.011353377343056,-27.90552319624468,54.011307,-27.905472,54.010819,-27.905289
-540674622280607576,1251022,0.8760768596811964,0.952,54.067462263371,-28.060757617967777,54.067398,-28.060661,54.067162,-28.060537
-526832719288472366,1547071,0.3205532216266469,0.286,52.68327197391505,-28.84723664665849,52.683243,-28.847214,52.68322,-28.84713
-520819527283589217,1447146,1.51514017627567,0.489,52.08195278116981,-28.358921706847728,52.081829,-28.358841,52.081745,-28.358774
-520461313284947825,1280762,0.6291349034850873,0.35,52.04613137895332,-28.494782595756124,52.046097,-28.494738,52.046021,-28.49474
-521318214284028569,1332614,0.2832765874966766,0.637,52.13182149808955,-28.4028569429388,52.131783,-28.402817,52.131775,-28.403044
-530963032287944715,1368188,1.4752387427870974,1.679,53.09630326906235,-28.79447151597059,53.096249,-28.794407,53.097221,-28.794487
-521866559285567378,1618042,1.1243363901738972,1.25,52.18665592292284,-28.556737896528347,52.186626,-28.5567,52.18623,-28.556389
-538646801286186526,1658072,0.169612191464394,0.106,53.86468013729152,-28.618652692296703,53.864655,-28.618612,53.864689,-28.618582
-530247387279188435,1372115,0.2547356255869399,1.597,53.024738760114566,-27.918843566644814,53.024727,-27.918795,53.024254,-27.918802
-536511913288664250,1319840,0.6664461786481659,0.93,53.65119131592247,-28.86642500316514,53.651169,-28.866386,53.651352,-28.86657
-537958473284484127,1324562,1.33675043920539,1.362,53.79584735190683,-28.448412750448504,53.795815,-28.448366,53.795391,-28.448479
-529388427281392824,1430116,0.2693176317959269,0.405,52.93884276073484,-28.1392824166207,52.93882,-28.139223,52.938736,-28.139298
-533733962291336700,1259246,1.3638781186515745,1.48,53.37339622913792,-29.13367006212375,53.373383,-29.133615,53.372887,-29.134419
-538581040297048110,1861210,2.262567508200698,1.331,53.85810409329636,-29.704811074796552,53.858055,-29.704781,53.857864,-29.704573
-539931772295055513,1284601,1.4710248356834852,1.381,53.99317727962324,-29.50555134102668,53.993145,-29.505514,53.992722,-29.505579
-535213246288077798,1262131,2.0435742802723045,0.3,53.52132466359144,-28.80777980428043,53.521297,-28.807737,53.521301,-28.807665
-542463399286317768,1313026,0.3926545616347688,0.368,54.246339971438886,-28.631776843206246,54.246307,-28.631733,54.246273,-28.631817
-545149996295387109,1643313,1.1973094657294208,1.334,54.51499961915776,-29.53871098152692,54.514984,-29.538666,54.514488,-29.538906
-542648173293540627,1286881,2.5971323103788357,1.224,54.2648173338577,-29.354062732207947,54.264793,-29.35401,54.2645,-29.354
-541394034286135619,1262135,1.033082963498158,1.308,54.13940342804855,-28.613561934934506,54.139385,-28.613455,54.139084,-28.613939
-540534260269596063,1927203,1.7289819998365026,0.42,54.05342601455735,-26.959606379987417,54.053375,-26.959591,54.053337,-26.959662
-544409296271460005,1791048,0.0736416405114521,0.274,54.44092960355699,-27.146000585336537,54.441032,-27.14596,54.440933,-27.145966
-542500895287396848,1309330,1.5486858987803338,0.457,54.25008950174588,-28.73968481041482,54.250053,-28.739643,54.249947,-28.739609
-539792598271682522,1265578,0.385528629522742,0.511,53.97925984600914,-27.16825229206704,53.979221,-27.168221,53.979065,-27.168205
-545281545294396464,1337549,0.9881921932411232,0.737,54.52815455649488,-29.43964643029868,54.528187,-29.439669,54.52808,-29.439695
-520908649273727029,1872097,2.508538264580697,1.859,52.090864949572186,-27.372702926096323,52.090843,-27.372688,52.090488,-27.373283
-546401156276727070,1397029,2.762457548753807,0.644,54.64011569079071,-27.672707087304097,54.640053,-27.672644,54.639954,-27.672735
-522591667273241574,1325191,0.8372685846914791,0.148,52.25916679310296,-27.324157494799497,52.259132,-27.324093,52.25911,-27.324074
-536480602274170467,1260568,0.1988733647436606,0.414,53.64806028673993,-27.417046712371988,53.648029,-27.417028,53.648098,-27.417101
-537518078272995180,1297063,0.2613754105289803,0.234,53.75180788017343,-27.29951801628584,53.751789,-27.299503,53.751694,-27.299524
-523884307275711741,1293832,2.7717673867452257,1.93,52.38843070623243,-27.571174130455628,52.388416,-27.571123,52.388741,-27.570766
-522400094274526255,1329663,8.455084755499186,2.104,52.24000941525389,-27.45262558119281,52.240028,-27.452492,52.24012,-27.451952
-524461665273333942,1257605,0.711813954175141,0.41,52.446166540072426,-27.333394261906346,52.446148,-27.333338,52.44627,-27.333342
-535951437277136985,1262899,2.333271391231421,0.107,53.59514377033344,-27.71369854045872,53.595093,-27.713659,53.59507,-27.713654
-530552158277114519,1254889,3.259067491833627,2.279,53.05521587010798,-27.711451908179395,53.055206,-27.711376,53.054306,-27.711176
-546216033292834201,1563063,0.8707372210741328,0.36,54.62160332484681,-29.2834201373499,54.621601,-29.283367,54.621529,-29.28332
-531817683275146071,1447133,0.9283769822593438,0.0,53.18176839895035,-27.51460718380637,53.181614,-27.514706,53.181614,-27.514706
-534896840273793197,1912020,1.0041871811762315,0.896,53.48968401278217,-27.37931972976625,53.489655,-27.379299,53.489815,-27.37941
-534923988274005083,1280135,3.577947221378548,0.68,53.49239882029864,-27.40050830692624,53.492321,-27.400358,53.49221,-27.400271
-531427234276522149,1924188,0.8639520214242271,0.288,53.14272340068349,-27.65221495853192,53.142681,-27.652035,53.142597,-27.652058
-530404847277134378,1290043,0.7444156086611897,0.79,53.04048472457067,-27.713437869224897,53.040497,-27.71343,53.040909,-27.713324
-531425770276518188,1924188,1.892461787,0.288,53.14257705137448,-27.65181889390261,53.142681,-27.652035,53.142597,-27.652058
-530591630277153682,1252595,8.16920346096423,0.814,53.05916305406953,-27.715368271372352,53.059345,-27.715164,53.05949,-27.715036
-527432539286295019,1778026,1.8024991512594049,1.255,52.74325392585544,-28.62950198379241,52.743202,-28.629459,52.743168,-28.629776
-525566399283340528,1320030,2.123272666990465,2.184,52.55663996724105,-28.334052877397724,52.556606,-28.334007,52.557316,-28.333704
-526580983287386256,1297377,1.6216937949169117,1.383,52.658098303499806,-28.7386256494026,52.658054,-28.73859,52.657703,-28.738693
-546294656270427856,1253920,0.6490262169947665,0.233,54.62946566132998,-27.04278566322997,54.629383,-27.042751,54.629311,-27.04277
-543108645264201995,1642138,14.156099032223374,2.613,54.31086454782191,-26.420199522903893,54.310814,-26.420183,54.310532,-26.419895
-529361762282542335,1371126,1.1554116624230375,0.743,52.93617621462201,-28.25423351925025,52.936153,-28.254185,52.936005,-28.254307
-529084183287028505,1346612,2.27090700518171,1.423,52.90841838649754,-28.70285054646209,52.908367,-28.702805,52.908257,-28.702555
-543775600265151866,1257356,0.6153606692357633,0.647,54.3775600779168,-26.51518664180729,54.37751,-26.515162,54.377518,-26.515305
-528059793283136193,1295592,0.7515805316723734,0.726,52.80597938411689,-28.313619323046595,52.805927,-28.313578,52.805687,-28.313438
-521171958277857255,1326273,1.16230923186477,1.146,52.11719581641,-27.78572556903466,52.11718,-27.785686,52.117321,-27.785505
-519784574280532817,1346628,0.6611330777851144,0.39,51.978457495945534,-28.05328174171205,51.978432,-28.053236,51.978485,-28.053095
-520354685280649528,1290176,1.063077090976408,0.72,52.03546851751363,-28.06495285834,52.035427,-28.06489,52.03558,-28.064798
-514805855282154779,1280790,1.6000817988738645,1.192,51.48058551539155,-28.215477981784428,51.480549,-28.215427,51.480709,-28.215164
-516724982283236672,1309215,1.0390461011932577,1.29,51.67249829582496,-28.32366726085196,51.672451,-28.323631,51.672638,-28.323961
-517911689279108466,1339217,0.7714138093087727,0.843,51.7911689855986,-27.910846675149138,51.791145,-27.910803,51.791409,-27.910799
-516580528283116454,1261587,1.410516112203965,0.3,51.65805288800188,-28.311645489706336,51.658005,-28.311613,51.65797,-28.311569
-519857620277943711,1581017,3.774154873648728,1.108,51.98576203268329,-27.79437110249984,51.985744,-27.794317,51.986,-27.793837
-520640588277879574,1330350,0.7160814267235255,0.704,52.06405883597602,-27.787957455827524,52.064053,-27.787922,52.063938,-27.787806
-529177886273033813,1371206,0.2818202012941796,0.038,52.91778866875181,-27.30338134846248,52.917755,-27.303331,52.917744,-27.30333
-526568421276353703,1329168,1.2506982153240822,0.0,52.65684215374535,-27.63537033955216,52.65675,-27.635353,52.65675,-27.635353
-524758483276176504,1879426,5.926950811625026,1.673,52.47584838354829,-27.617650459658748,52.475765,-27.617565,52.474308,-27.6173
-529425176274951999,1370308,3.709699820964855,1.306,52.94251766547664,-27.49519997916261,52.94249,-27.495134,52.942154,-27.495218
-526427009275211266,1326299,0.8576144758468008,0.852,52.64270093585593,-27.52112666535709,52.642685,-27.521036,52.642696,-27.520714
-526189642273567393,1302199,2.5305966223859766,1.02,52.61896422739249,-27.3567393428236,52.619011,-27.356663,52.618851,-27.356852
-526891288275611502,1250823,1.3795048213556809,0.342,52.68912880390221,-27.561150281285546,52.689095,-27.561094,52.689018,-27.5611
-526872865274698779,1307783,1.0469126575582657,1.016,52.68728656931886,-27.469877938166043,52.68726,-27.469807,52.687191,-27.469523
-529841014276946351,1434258,3.190623435697544,0.065,52.98410142988659,-27.69463510337349,52.984058,-27.69455,52.984047,-27.694552
-520817202283588275,1447146,0.4264256275886893,0.489,52.08172021301559,-28.358827525093982,52.081829,-28.358841,52.081745,-28.358774
-528476058288815102,1644061,0.553096289703585,0.224,52.84760583626126,-28.88151026198816,52.847591,-28.881491,52.847565,-28.881445
-522102252287138565,1302359,0.3066327942413175,0.116,52.21022521890941,-28.71385652896334,52.210163,-28.713831,52.210117,-28.7138
-536434694268738059,1253046,2.3814669347421407,1.093,53.64346944364544,-26.873805998318552,53.643539,-26.873732,53.643997,-26.873615
-521542913283838308,1264039,1.4995840878792808,0.579,52.15429139359456,-28.383830876012937,52.154263,-28.383789,52.154156,-28.383852
-521490372286398254,1250852,1.915870793920689,0.257,52.14903727902014,-28.63982547757826,52.148983,-28.639776,52.148945,-28.639742
-541729971278400624,1290816,1.016058884751044,1.217,54.17299711553066,-27.84006243570116,54.172913,-27.840004,54.172512,-27.84
-528186363288808431,1881037,1.8444681759884696,2.122,52.81863631274007,-28.880843199117106,52.818596,-28.880817,52.818489,-28.881416
-522140339283063617,1900865,0.7896583198459282,1.074,52.21403390654861,-28.306361777340737,52.214001,-28.306299,52.213635,-28.306494
-527285899279094390,1339176,0.510560959333735,0.46,52.72858997940192,-27.90943901671901,52.728554,-27.909435,52.728462,-27.909498
-536781293295257917,1257419,0.0571341578057024,0.141,53.678129380056696,-29.525791783033903,53.678093,-29.525766,53.678158,-29.52577
-532226619287685316,1297532,0.750928132405677,0.475,53.22266196109961,-28.76853163219574,53.222614,-28.768501,53.222633,-28.768408
-530328307279435567,1812092,3.050519996066805,1.241,53.032830776550334,-27.94355670873641,53.032799,-27.943537,53.032642,-27.943522
-539531736293377140,1341000,1.2408972803255325,0.106,53.95317363411284,-29.337714075363536,53.953136,-29.337658,53.953114,-29.337652
-533089198291911339,1324582,1.0606505504352777,1.23,53.30891985991254,-29.191133996234747,53.308872,-29.191101,53.309258,-29.190933
-529005382279459301,1876204,1.5466220110077282,0.539,52.90053827369773,-27.94593014478001,52.900524,-27.945873,52.900402,-27.945885
-532645257288501268,1319898,0.387103024860527,0.332,53.26452578405163,-28.850126856204973,53.264492,-28.850092,53.264488,-28.849997
-534158182289410269,1308314,1.979633039406284,2.198,53.4158182240689,-28.94102699621706,53.415836,-28.940893,53.415611,-28.940748
-552185044294007806,1249851,1.3360584705148753,1.719,55.21850448723819,-29.40078066286229,55.21851,-29.400743,55.218029,-29.399984
-546006783287791606,1252970,1.8949285971583003,1.387,54.60067835758516,-28.77916064180479,54.600655,-28.779106,54.600784,-28.779387
-523108053271631778,1943111,1.481791164302349,1.388,52.31080537739712,-27.16317785010038,52.31076,-27.163143,52.310192,-27.162636
-537592973273615133,1267094,0.3499894570485284,0.154,53.75929733768009,-27.361513339504267,53.759274,-27.361492,53.759216,-27.361477
-519948111277338178,1257646,0.7846498648525997,0.289,51.99481110761523,-27.73381782586521,51.994774,-27.733772,51.994709,-27.733734
-536124966273374706,1324790,1.0288552125457473,1.567,53.61249668600026,-27.337470604315502,53.612473,-27.337473,53.612099,-27.337799
-541843304276165026,1472020,1.224191754682045,1.675,54.184330475281975,-27.61650263593869,54.18428,-27.616449,54.184563,-27.616118
-538429277275497770,1301915,0.4453069820047932,0.222,53.84292773148311,-27.54977701684977,53.842888,-27.549753,53.842831,-27.549709
-545184258275677148,1289714,2.782809434642848,1.238,54.51842583313876,-27.56771485533363,54.518379,-27.567661,54.518154,-27.567593
-551905095291487557,1391191,0.4325382063848492,0.4,55.19050954058584,-29.14875579132903,55.190578,-29.148733,55.19046,-29.148699
-549671909289796036,1646092,0.8746493775685458,1.378,54.96719096531879,-28.979603691215114,54.967178,-28.979538,54.967693,-28.979473
-549485118288808111,1301936,0.4054400111892016,0.45,54.94851183384208,-28.88081114872276,54.948486,-28.880768,54.948563,-28.880789
-521619832271423571,1302187,0.4581791674017347,0.321,52.16198327356361,-27.142357189992065,52.161919,-27.142319,52.161892,-27.142117
-522330440271252316,1896213,1.4291903297376645,1.797,52.23304402978876,-27.125231663501324,52.233013,-27.125195,52.232731,-27.124613
-551351984292208158,1254762,0.552018971557328,0.701,55.13519841925145,-29.220815852418,55.135178,-29.220783,55.135277,-29.220913
-550893738290482558,1294948,1.3539306267715885,1.543,55.08937385776954,-29.04825581712968,55.089336,-29.04821,55.08955,-29.048574
-550359424292003431,1702083,1.2720814799851436,0.765,55.03594249307879,-29.200343109862978,55.035934,-29.200302,55.036106,-29.200348
-551865591292104141,1920362,1.2495424950648175,1.263,55.18655910199677,-29.21041418917317,55.186558,-29.210386,55.186176,-29.210409
-548978130289102794,1306141,3.769354250874195,1.494,54.89781300703431,-28.9102794710836,54.89777,-28.910248,54.897774,-28.910761
-540854298274918206,1330970,0.4919726442420417,0.381,54.08542985821739,-27.49182069714022,54.085438,-27.491774,54.085556,-27.49177
-542901974274147227,1263852,1.756634406194074,0.0,54.29019746464941,-27.41472277594259,54.290184,-27.414892,54.290184,-27.414892
-548463774292376078,1595110,2.0746641082157247,2.044,54.84637745364792,-29.237607857571167,54.846359,-29.237558,54.846226,-29.236843
-545633417288126662,1324509,0.4629440426945507,0.264,54.563341716349626,-28.81266624455725,54.563309,-28.812611,54.563225,-28.812569
-545167968288587418,1259241,0.2424840379443549,0.315,54.516796800258135,-28.85874189803461,54.516796,-28.858683,54.516609,-28.858675
-523839863271426742,1904293,0.8971920116031261,0.35,52.38398638173949,-27.14267425766574,52.383957,-27.142618,52.383972,-27.142532
-547115248277147121,1246334,0.4344101860869837,0.114,54.71152488177058,-27.714712134419155,54.711483,-27.714649,54.711472,-27.71468
-537903042272543466,1833321,2.38241310477066,0.993,53.79030428769933,-27.254346623844008,53.790253,-27.25433,53.790127,-27.254196
-531809585284523127,1309227,2.426187605564292,0.593,53.180958553810825,-28.45231272503622,53.180927,-28.452267,53.180794,-28.452227
-530777557286678028,1263788,0.5139679591258725,0.477,53.07775576996078,-28.66780289140311,53.077705,-28.667744,53.077515,-28.667841
-531685609285179308,1547086,1.6663133793281892,0.57,53.16856093586669,-28.517930899468205,53.16853,-28.51787,53.168415,-28.517849
-530338152283766689,1946246,1.2588540222270628,1.024,53.03381526103738,-28.37666897014267,53.033772,-28.376637,53.033478,-28.376627
-533004089283365509,1346627,1.0732233718493025,0.365,53.300408928200085,-28.336550918348586,53.300381,-28.336512,53.300304,-28.336485
-540053258297907860,1339402,1.396294985800434,0.61,54.00532582260072,-29.790786004920168,54.005287,-29.790758,54.005188,-29.790676
-539563209297548894,1549078,0.808133058151254,0.353,53.956320983071606,-29.75488945819824,53.956184,-29.754856,53.956108,-29.754837
-531645407286570499,1304506,0.5226759586585639,0.585,53.16454079843399,-28.657049995967387,53.164501,-28.657007,53.164429,-28.657108
-530182913286517550,1320009,1.4864742233732926,0.619,53.01829137418591,-28.65175505811777,53.018257,-28.651703,53.018108,-28.651634
-533976031281212384,1901899,4.3926715465503605,1.195,53.397603139769565,-28.121238468390374,53.397652,-28.121222,53.39732,-28.121212
-533223471279062589,1324062,1.8652377284272923,3.531,53.32234719215913,-27.90625890952344,53.322296,-27.90621,53.323368,-27.906645
-521308885287797045,1293783,0.822147550638087,0.569,52.13088851864193,-28.77970459392796,52.130798,-28.779669,52.130669,-28.779482
-536069942281163600,1702112,2.1972811683466285,1.792,53.6069942688758,-28.11636006690477,53.606964,-28.116306,53.606587,-28.116587
-536463156281265498,1248677,1.346392805999141,1.746,53.64631564253329,-28.12654988072418,53.646282,-28.126492,53.646217,-28.127001
-525526359288327326,1948209,1.0090580537793017,0.437,52.552635950746094,-28.83273263823371,52.55257,-28.832695,52.552559,-28.832602
-536594397281556159,1322954,1.0684657242944628,1.186,53.65943974328961,-28.15561597342271,53.659416,-28.155581,53.659271,-28.155306
-534738688279844039,1289470,0.9950019449959844,1.174,53.47386887847068,-27.98440391285553,53.473835,-27.984358,53.47377,-27.984755
-520684801288293932,1324685,3.8205952502476457,2.402,52.06848010197822,-28.829393258723243,52.068424,-28.829351,52.068111,-28.828848
-547959629273952576,1257335,1.5402976437385736,1.066,54.79596298270318,-27.395257681005667,54.795918,-27.395206,54.79567,-27.395338
-536000514277123133,1280807,0.8183142012537916,0.784,53.60005141267475,-27.71231338350597,53.600006,-27.71228,53.59988,-27.712381
-543116374276833055,1335854,0.8006171634105139,0.877,54.311637429645714,-27.683305529925462,54.311581,-27.683239,54.311703,-27.683096
-522183409275744210,1370402,0.5112322118760682,0.064,52.21834095212373,-27.57442109521744,52.218319,-27.574377,52.218323,-27.574387
-544838001291186549,1281135,1.202879304625495,0.784,54.48380013755877,-29.11865494560113,54.483776,-29.118591,54.483952,-29.118559
-544735514289423269,1959025,3.880507071443613,2.794,54.47355146316455,-28.942326935402363,54.47353,-28.942259,54.472778,-28.942347
-543436130288264839,1346956,2.587886140126836,1.094,54.34361302749964,-28.826483980222672,54.343567,-28.826454,54.343502,-28.826429
-538283785273461587,1334265,1.8674333091823772,0.752,53.82837858593045,-27.3461587233244,53.828358,-27.346138,53.828198,-27.346083
-545121401277115451,1387162,0.8224517141786198,0.741,54.512140161641966,-27.7115451848993,54.512081,-27.711487,54.512081,-27.711649
-535433891275709000,1390173,2.405180003567371,1.93,53.54338912714008,-27.570900071954284,53.54335,-27.570875,53.543018,-27.570578
-531203095276367456,1446080,0.8117092645700539,0.454,53.12030951636952,-27.63674562354453,53.120281,-27.636662,53.120216,-27.63674
-532232389274157301,1252199,0.1613563178693279,0.85,53.22323898526465,-27.415730136575576,53.223194,-27.415644,53.223419,-27.416075
-532869997273452852,1889226,0.401509342576146,0.149,53.28699975696051,-27.34528522179118,53.286991,-27.345245,53.286949,-27.345255
-534318496274635682,1673068,0.954323251145206,0.496,53.43184968758573,-27.463568285289995,53.431835,-27.463543,53.431774,-27.463429
-530699888275501844,1289982,0.8477586511850945,0.897,53.06998887164352,-27.550184438748943,53.069942,-27.550137,53.069809,-27.550407
-530521497275503559,1254150,0.9229138415313944,0.399,53.05214979841779,-27.55035599062576,53.052078,-27.550299,53.052013,-27.550348
-530594762277151573,1252595,2.404564297470372,0.814,53.05947629200293,-27.71515734840968,53.059345,-27.715164,53.05949,-27.715036
-535374305274498883,1810236,0.8791574478633282,0.513,53.53743051750311,-27.44988839288951,53.537464,-27.449852,53.537632,-27.44986
-529418913282918315,1295509,6.574195904497457,1.061,52.94189130922872,-28.29183155807745,52.941978,-28.291639,52.941841,-28.29143
-544018379265404423,1340539,0.931308620020161,0.222,54.40183790344506,-26.540442375426885,54.401798,-26.540417,54.401768,-26.540396
-527121222286131561,1332594,1.208167524107132,0.529,52.712122216476295,-28.61315610876228,52.712044,-28.613188,52.712025,-28.613079
-527847918287203763,1307843,0.7540562509145249,0.379,52.78479183630522,-28.72037635995732,52.784733,-28.720337,52.784645,-28.720318
-528466276285441639,1343208,0.7369919480159406,0.533,52.846627659550144,-28.544163991232903,52.846588,-28.544113,52.846481,-28.544226
-525835526284711197,1335818,1.374081002091231,1.35,52.58355260889526,-28.47111975178899,52.583519,-28.471077,52.58305,-28.470995
-524148416284403438,1700105,0.5341955973339741,0.824,52.41484161472111,-28.44034388134446,52.41481,-28.440268,52.415016,-28.440306
-524312061286353263,1864046,1.227371993820979,0.471,52.43120619251349,-28.63532635052384,52.43116,-28.635283,52.431057,-28.635309
-527459746287380033,1257256,0.4898603805840601,0.437,52.74597463471674,-28.73800333845806,52.745926,-28.737968,52.746044,-28.737824
-531670473287052131,1261236,0.2266470032162554,0.27,53.16704739664967,-28.705213167320974,53.167007,-28.705162,53.167114,-28.705193
-533894160283832742,1370441,4.268075706513269,2.165,53.389416086019935,-28.383274260189303,53.389378,-28.383228,53.389828,-28.383074
-530434509282883918,1892072,1.2328617877881922,0.947,53.04345095226991,-28.288391856405187,53.043396,-28.288321,53.043118,-28.288332
-532937246268261990,1314289,0.337380144542211,0.275,53.29372469900954,-26.826199024450364,53.293701,-26.82618,53.293774,-26.826185
-532590862268541029,1346137,0.4426971605388722,0.4,53.259086231092816,-26.85410291900124,53.259071,-26.854086,53.259174,-26.85409
-528538025271379438,1323831,0.2995329410381697,0.28,52.85380255680465,-27.137943866477745,52.853771,-27.137886,52.853745,-27.137775
-528582242271407530,1302399,3.2978105134994964,0.893,52.85822422915355,-27.140753009422266,52.85817,-27.140636,52.858009,-27.140434
-531033940270244330,1265623,3.315100129024128,2.416,53.103394072467296,-27.02443305855329,53.103416,-27.02441,53.102936,-27.024719
-548407947283971269,1900856,0.9053530668157798,0.491,54.840794716600506,-28.3971269404748,54.840744,-28.397083,54.840584,-28.397078
-539136722266656545,1889211,0.3024843204455639,0.219,53.91367224331253,-26.66565452728544,53.913631,-26.665627,53.913559,-26.665564
-537721368263526401,1262084,1.1109793646179225,1.525,53.77213689940314,-26.352640171430416,53.772099,-26.352621,53.772686,-26.35306
-540297474265938120,1290995,1.127973707279056,0.795,54.02974740036329,-26.59381208283898,54.029716,-26.59379,54.029472,-26.593786
-540042390264292113,1297157,0.7373218617191913,0.387,54.00423900527373,-26.4292113942474,54.004192,-26.429184,54.004135,-26.429258
-541405420265684432,1252521,0.182288757961459,0.481,54.14054203080269,-26.568443250301595,54.140556,-26.568298,54.140781,-26.568392
-548856958284832046,1301963,1.0060616018774566,0.796,54.88569580823228,-28.483204661376423,54.885662,-28.483166,54.885647,-28.48295
-549185108284515837,1435033,1.3936838247118857,1.569,54.9185108287528,-28.45158373508765,54.918468,-28.45154,54.91816,-28.451902
-534855214268169295,1367408,0.2079253778743695,0.2,53.48552141830231,-26.81692959863197,53.4855,-26.816904,53.485539,-26.816944
-519538277287393456,1257228,0.3821025740856951,0.259,51.95382776871913,-28.73934565955195,51.95377,-28.739288,51.953709,-28.739286
-529495150290208469,1645208,6.699291551737491,2.615,52.94951501580774,-29.020846949881392,52.949448,-29.020847,52.949165,-29.020193
-549064249278372909,1834104,1.124226172752766,1.455,54.9064249659908,-27.837290961400686,54.90638,-27.837212,54.906273,-27.837975
-534389560296767947,1299775,0.2056989873307358,0.106,53.43895600113641,-29.676794798049333,53.438869,-29.6768,53.438889,-29.676743
-544771697278086242,1546021,1.7901866521126415,0.819,54.477169759042106,-27.8086242019938,54.477123,-27.808594,54.477005,-27.808447
-545913019280464622,1933168,2.1621464054670256,2.13,54.59130191838054,-28.046462260496387,54.591236,-28.0464,54.590649,-28.045193
-546919332277873870,1645158,1.3400255594243318,0.604,54.691933241830974,-27.78738706545294,54.691879,-27.787325,54.691826,-27.787437
-533573027294712339,1319821,2.060716770795476,2.541,53.35730271060134,-29.471233983485885,53.357265,-29.471197,53.357853,-29.471891
-534893542264668444,1297064,0.5179471810399396,0.31,53.48935426610327,-26.466844425071542,53.489273,-26.466883,53.489235,-26.466818
-532688000267063783,1332689,0.7160255389680373,0.455,53.2688000862907,-26.70637839791246,53.268791,-26.706356,53.268879,-26.706299
-534384727264675078,1880686,0.6713592129295495,0.685,53.43847275629163,-26.46750787897458,53.438457,-26.467484,53.438702,-26.467533
-533483429266945713,1261193,0.4450436729778093,0.321,53.34834295638616,-26.694571338260616,53.348316,-26.694571,53.34824,-26.694504
-533079288267004132,1301922,0.8448621812753374,0.909,53.30792887127719,-26.700413278718944,53.307892,-26.70039,53.308128,-26.700489
-533179245266844963,1261191,0.4005818040726099,0.098,53.31792454929414,-26.68449631061909,53.317905,-26.684481,53.317921,-26.684483
-536767327264872760,1306360,0.8245476670931974,0.925,53.67673270413295,-26.487276070818325,53.676704,-26.487257,53.676712,-26.486982
-537652107296445571,1473025,0.4054447671116145,0.28,53.76521076434966,-29.644557174137223,53.765179,-29.64452,53.765209,-29.644449
-535429510284065004,1264038,1.5239128705844205,0.355,53.54295103846724,-28.40650042024418,53.542889,-28.406431,53.542812,-28.406399
-532204584291391407,1894320,0.5174565425082105,0.463,53.220458407320976,-29.139140798231445,53.22044,-29.139114,53.220326,-29.139048
-530720786281585968,1341743,0.3718819647651201,0.442,53.07207862840202,-28.158596809836613,53.072044,-28.158558,53.072014,-28.158413
-529664835280169102,1431108,0.3500084915939189,0.499,52.96648357168355,-28.01691022514419,52.966438,-28.016865,52.966393,-28.016733
-532153383281773477,1252225,1.2259774864241462,0.93,53.21533836760525,-28.17734771715966,53.215313,-28.177282,53.215588,-28.177155
-527974872279589082,1316465,1.3426506643984064,1.446,52.797487272348434,-27.958908291735607,52.797436,-27.958868,52.797485,-27.959307
-534158324289408551,1308314,5.890815026333808,2.198,53.41583242138451,-28.940855143893888,53.415836,-28.940893,53.415611,-28.940748
-532933024288558881,1282966,1.0783209317836566,0.877,53.293302473440015,-28.855888129542205,53.293304,-28.855852,53.293503,-28.855946
-518895918280113414,1433114,0.6689405443928939,0.265,51.88959189104304,-28.011341456596146,51.889549,-28.011276,51.889477,-28.011202
-517764654286278480,1334707,3.960913298024493,0.448,51.77646545415195,-28.62784806636227,51.776424,-28.627806,51.776356,-28.627846
-515500551281637516,1335432,0.7425330737081351,1.116,51.55005510504114,-28.163751669572875,51.550018,-28.163715,51.549858,-28.163319
-515574453282338928,1644180,1.205981257605166,1.712,51.5574453291842,-28.23389281359,51.557453,-28.233849,51.558086,-28.233629
-517997847279934922,1295527,0.8147162492069147,0.583,51.79978477453381,-27.99349221271615,51.799767,-27.99345,51.799862,-27.99334
-518389580281255538,1297501,0.9688590930491636,1.093,51.8389580941154,-28.12555384413174,51.838905,-28.125561,51.838791,-28.125025
-523288734287700719,1934253,1.8565119195997648,0.776,52.32887342950479,-28.770071911796723,52.328812,-28.770035,52.328941,-28.770075
-522309176290347326,1375087,1.983849001024661,0.215,52.23091769389259,-29.034732642438023,52.231216,-29.034784,52.23122,-29.034729
-524321822287908957,1265134,0.3375217494222656,0.398,52.432182244856726,-28.790895722852888,52.43211,-28.790852,52.432266,-28.790819
-532941223281773517,1617030,1.399381805487428,0.293,53.2941223649635,-28.177351781094007,53.294022,-28.177332,53.294018,-28.177277
-520425731287772858,1315974,1.963202503463308,2.2,52.04257310176581,-28.777285886335346,52.042503,-28.777254,52.041798,-28.777035
-520035136288444699,1295550,1.5207972007614223,0.972,52.00351367563192,-28.844469909946945,52.003433,-28.844431,52.003124,-28.844362
-548842704288281452,1904321,0.9853632251186903,0.027,54.88427045742187,-28.828145264026578,54.884159,-28.828045,54.884167,-28.828045
-520381911275328006,1300912,0.6609392780164122,0.906,52.03819110085881,-27.53280063204048,52.038166,-27.532742,52.037891,-27.532908
-548700257276440682,1304678,0.1213813776204701,0.3,54.87002576703139,-27.64406829714691,54.869934,-27.643902,54.870091,-27.643946
-523760774273276804,1904287,0.1557670005839021,0.409,52.376077455399965,-27.327680471405923,52.376041,-27.327644,52.376122,-27.3277
-547134778274310582,1260551,0.821439220916582,0.995,54.71347783286231,-27.431058269718847,54.713432,-27.431002,54.713745,-27.431032
-549488638289004736,1319066,0.7105198680601774,0.129,54.948863861612224,-28.900473646339144,54.948833,-28.900427,54.948837,-28.900408
-550591223289088480,1294806,0.879412443596992,0.313,55.0591223032502,-28.90884805706624,55.059101,-28.908808,55.059059,-28.908781
-550355346294366787,1253997,3.7100643037201606,1.021,55.035534645591326,-29.43667878039556,55.035519,-29.436644,55.035343,-29.436558
-532562045276951239,1255798,1.2999557028118618,0.496,53.256204561497285,-27.69512396924119,53.256149,-27.695072,53.256165,-27.695168
-530786371277075130,1842087,0.4755144109965113,0.189,53.07863718734538,-27.70751301250009,53.078609,-27.707457,53.078579,-27.707424
-533183516276969725,1897267,0.2893872545025303,0.438,53.31835167480556,-27.69697250426577,53.318344,-27.696924,53.318344,-27.697027
-525530000278585985,1338940,1.1129039692800091,0.394,52.55300009869928,-27.85859850979641,52.552971,-27.85854,52.552921,-27.858482
-525855435278070792,1256570,0.4535627131069104,0.135,52.585543592148085,-27.80707929580668,52.585506,-27.807026,52.585506,-27.807055
-522085054280254162,1551083,2.063124392783358,0.458,52.20850543482783,-28.025416232614667,52.208485,-28.025341,52.208458,-28.025246
-526307191281809191,1277945,0.4827743351996642,0.432,52.63071911250079,-28.1809191406164,52.630699,-28.180862,52.630508,-28.180815
-522290474280050995,1817269,1.2855381625344149,0.217,52.22904748009208,-28.005099597937505,52.229004,-28.005041,52.228951,-28.005026
-524243296280555899,1311001,1.880916077102204,1.97,52.424329614979605,-28.05558998200203,52.424263,-28.055548,52.423546,-28.055479
-541536709293848596,1310964,0.921026240365624,0.795,54.1536709970831,-29.38485963250232,54.153641,-29.384817,54.153732,-29.384672
-543246459284898967,1263197,0.9384442663433492,0.247,54.32464594904171,-28.48989670847112,54.324608,-28.489838,54.324539,-28.489845
-542904987287354626,1854103,2.013076703927933,1.518,54.29049871868646,-28.735462631102905,54.290474,-28.735392,54.290012,-28.73485
-545739325295563233,1339425,0.6971698550216517,0.195,54.57393259611873,-29.55632335639744,54.573914,-29.55628,54.573879,-29.55625
-528149053276564884,1263125,0.6439529079448576,0.91,52.81490530523288,-27.6564884695604,52.814869,-27.656443,52.814957,-27.656624
-529089410276221491,1341227,4.100935487465916,2.235,52.90894103091214,-27.622149136391347,52.908905,-27.622103,52.908604,-27.622465
-544323246266964943,1319667,0.6770866090045579,0.419,54.432324673921855,-26.69649438898401,54.432259,-26.696482,54.432255,-26.69668
-544301237266972510,1876731,0.3604475689301129,0.405,54.430123760654745,-26.697251019482536,54.429977,-26.697277,54.429909,-26.697151
-529319648287003330,1595118,3.097784182790875,2.337,52.93196481577655,-28.700333017544374,52.931915,-28.700302,52.932434,-28.699745
-537462965283793465,1927254,0.4447456748871594,0.25,53.746296521734365,-28.37934652744386,53.746262,-28.379322,53.746296,-28.37928
-533422447291251927,1335387,1.173979621536433,1.138,53.34224478340623,-29.125192753084686,53.342209,-29.125172,53.34206,-29.124971
-533647140291882373,1281119,0.3049975070385403,0.316,53.36471402173141,-29.188237346482268,53.364723,-29.188217,53.364552,-29.188067
